entry	uid	region_start	region_end	perc_cov	V6	Protein.names	Gene.Names	Organism	Length	DisProt	Involvement.in.disease	Interacts.with	InterPro	Subcellular.location..CC.	X3D	Organism..ID.	PubMed.ID	Gene.Ontology..cellular.component.	Gene.Ontology..biological.process.	Gene.Ontology..molecular.function.	Caution	local_pairwise_identity	Af1502_Rg1	other_Rg2	RMSA	TM_Score1	TM_Score2	Aligned_Length	max_TM_score
C5BN68	C5BN68_TERTT	530	601	105.882352941176	unreviewed	histidine kinase (EC 2.7.13.3)	cbrA TERTU_0572	Teredinibacter turnerae (strain ATCC 39867 / T7901)	994	NA	NA	NA	IPR036890;IPR005467;IPR003661;IPR036097;IPR038377;IPR001734;IPR000014;IPR035965;IPR013656;IPR004358;	SUBCELLULAR LOCATION: Membrane {ECO:0000256|ARBA:ARBA00004141}; Multi-pass membrane protein {ECO:0000256|ARBA:ARBA00004141}.	NA	377629	19568419	membrane [GO:0016020]	NA	phosphorelay sensor kinase activity [GO:0000155]; transmembrane transporter activity [GO:0022857]	NA	100	53.079	53.079	0	1	1	994	1
A0A559QIZ0	A0A559QIZ0_9ALTE	530	600	104.411764705882	unreviewed	histidine kinase (EC 2.7.13.3)	P886_2127	Alteromonadaceae bacterium 2753L.S.0a.02	993	NA	NA	NA	IPR036890;IPR005467;IPR003661;IPR036097;IPR038377;IPR001734;IPR000014;IPR035965;IPR013656;IPR004358;	SUBCELLULAR LOCATION: Membrane {ECO:0000256|ARBA:ARBA00004141}; Multi-pass membrane protein {ECO:0000256|ARBA:ARBA00004141}.	NA	1403320	NA	membrane [GO:0016020]	NA	phosphorelay sensor kinase activity [GO:0000155]; transmembrane transporter activity [GO:0022857]	CAUTION: The sequence shown here is derived from an EMBL/GenBank/DDBJ whole genome shotgun (WGS) entry which is preliminary data. {ECO:0000313|EMBL:TVZ37782.1}.	87.5	53.079	52.856	2.3	0.95509	0.95602	992	0.95602
A0A1Y6BVX3	A0A1Y6BVX3_9ALTE	530	600	104.411764705882	unreviewed	histidine kinase (EC 2.7.13.3)	SAMN02745866_01324	Alteromonadaceae bacterium Bs31	995	NA	NA	NA	IPR036890;IPR005467;IPR003661;IPR036097;IPR038377;IPR001734;IPR000014;IPR035965;IPR013656;IPR004358;	SUBCELLULAR LOCATION: Membrane {ECO:0000256|ARBA:ARBA00004141}; Multi-pass membrane protein {ECO:0000256|ARBA:ARBA00004141}.	NA	1304903	NA	membrane [GO:0016020]	NA	phosphorelay sensor kinase activity [GO:0000155]; transmembrane transporter activity [GO:0022857]	NA	76.4	53.079	53.363	3.58	0.89382	0.89298	980	0.89382
A0A2A5HBY9	A0A2A5HBY9_9ALTE	529	600	105.882352941176	unreviewed	histidine kinase (EC 2.7.13.3)	COA42_21960	Alteromonadaceae bacterium	994	NA	NA	NA	IPR036890;IPR005467;IPR003661;IPR036097;IPR038377;IPR001734;IPR000014;IPR035965;IPR004358;	SUBCELLULAR LOCATION: Membrane {ECO:0000256|ARBA:ARBA00004141}; Multi-pass membrane protein {ECO:0000256|ARBA:ARBA00004141}.	NA	1916082	NA	membrane [GO:0016020]	NA	phosphorelay sensor kinase activity [GO:0000155]; transmembrane transporter activity [GO:0022857]	CAUTION: The sequence shown here is derived from an EMBL/GenBank/DDBJ whole genome shotgun (WGS) entry which is preliminary data. {ECO:0000313|EMBL:PCK02598.1}.	72.2	53.079	53.444	2.74	0.93546	0.93546	986	0.93546
Q21FA0	Q21FA0_SACD2	530	601	105.882352941176	unreviewed	histidine kinase (EC 2.7.13.3)	Sde_3374	Saccharophagus degradans (strain 2-40 / ATCC 43961 / DSM 17024)	1000	NA	NA	NA	IPR036890;IPR005467;IPR003661;IPR036097;IPR038377;IPR001734;IPR000014;IPR035965;IPR004358;	SUBCELLULAR LOCATION: Membrane {ECO:0000256|ARBA:ARBA00004141}; Multi-pass membrane protein {ECO:0000256|ARBA:ARBA00004141}.	NA	203122	18516288	membrane [GO:0016020]	NA	phosphorelay sensor kinase activity [GO:0000155]; transmembrane transporter activity [GO:0022857]	NA	70.8	53.079	53.451	2.79	0.93001	0.92466	980	0.93001
A0A0T6UN99	A0A0T6UN99_9PSED	525	595	104.411764705882	unreviewed	histidine kinase (EC 2.7.13.3)	AO726_10420	Pseudomonas sp. TTU2014-080ASC	984	NA	NA	NA	IPR036890;IPR005467;IPR003661;IPR036097;IPR038377;IPR001734;IPR000014;IPR035965;IPR013767;IPR004358;	SUBCELLULAR LOCATION: Membrane {ECO:0000256|ARBA:ARBA00004141}; Multi-pass membrane protein {ECO:0000256|ARBA:ARBA00004141}.	NA	1729724	NA	membrane [GO:0016020]	regulation of DNA-templated transcription [GO:0006355]	ATP binding [GO:0005524]; phosphorelay sensor kinase activity [GO:0000155]; transmembrane transporter activity [GO:0022857]	CAUTION: The sequence shown here is derived from an EMBL/GenBank/DDBJ whole genome shotgun (WGS) entry which is preliminary data. {ECO:0000313|EMBL:KRW59246.1}.	56.9	53.079	51.796	2.8	0.92087	0.9298	975	0.9298
A0A1I3MH02	A0A1I3MH02_9PSED	525	595	104.411764705882	unreviewed	histidine kinase (EC 2.7.13.3)	SAMN05216206_3278	Pseudomonas guineae	984	NA	NA	NA	IPR036890;IPR005467;IPR003661;IPR036097;IPR038377;IPR001734;IPR000014;IPR035965;IPR013767;IPR004358;	SUBCELLULAR LOCATION: Membrane {ECO:0000256|ARBA:ARBA00004141}; Multi-pass membrane protein {ECO:0000256|ARBA:ARBA00004141}.	NA	425504	NA	membrane [GO:0016020]	regulation of DNA-templated transcription [GO:0006355]	ATP binding [GO:0005524]; phosphorelay sensor kinase activity [GO:0000155]; transmembrane transporter activity [GO:0022857]	NA	52.8	53.079	51.2	4.07	0.86465	0.87285	958	0.87285
A0A1H1Z119	A0A1H1Z119_9PSED	525	594	102.941176470588	unreviewed	histidine kinase (EC 2.7.13.3)	SAMN05216221_4031	Pseudomonas oryzae	984	NA	NA	NA	IPR036890;IPR005467;IPR003661;IPR036097;IPR038377;IPR001734;IPR000014;IPR035965;IPR013767;IPR004358;	SUBCELLULAR LOCATION: Membrane {ECO:0000256|ARBA:ARBA00004141}; Multi-pass membrane protein {ECO:0000256|ARBA:ARBA00004141}.	NA	1392877	NA	membrane [GO:0016020]	regulation of DNA-templated transcription [GO:0006355]	ATP binding [GO:0005524]; phosphorelay sensor kinase activity [GO:0000155]; transmembrane transporter activity [GO:0022857]	NA	51.4	53.079	51.809	3.47	0.89495	0.90351	972	0.90351
A0A5P9CBN3	A0A5P9CBN3_9PSED	524	595	105.882352941176	unreviewed	histidine kinase (EC 2.7.13.3)	kinA3 FIV02_19085	Pseudomonas sp. THAF187a	984	NA	NA	NA	IPR036890;IPR005467;IPR003661;IPR036097;IPR038377;IPR001734;IPR000014;IPR035965;IPR013767;IPR004358;	SUBCELLULAR LOCATION: Membrane {ECO:0000256|ARBA:ARBA00004141}; Multi-pass membrane protein {ECO:0000256|ARBA:ARBA00004141}.	NA	2587863	NA	membrane [GO:0016020]	regulation of DNA-templated transcription [GO:0006355]	ATP binding [GO:0005524]; phosphorelay sensor kinase activity [GO:0000155]; transmembrane transporter activity [GO:0022857]	NA	52.8	53.079	51.149	3.99	0.75092	0.7582	815	0.7582
A0A653B149	A0A653B149_PSEOL	524	595	105.882352941176	unreviewed	histidine kinase (EC 2.7.13.3)	POT9AD_1288	Ectopseudomonas oleovorans (Pseudomonas oleovorans)	984	NA	NA	NA	IPR036890;IPR005467;IPR003661;IPR036097;IPR038377;IPR001734;IPR000014;IPR035965;IPR013767;IPR004358;	SUBCELLULAR LOCATION: Membrane {ECO:0000256|ARBA:ARBA00004141}; Multi-pass membrane protein {ECO:0000256|ARBA:ARBA00004141}.	NA	301	NA	membrane [GO:0016020]	regulation of DNA-templated transcription [GO:0006355]	ATP binding [GO:0005524]; phosphorelay sensor kinase activity [GO:0000155]; transmembrane transporter activity [GO:0022857]	NA	52.8	53.079	50.221	3.65	0.7553	0.76267	809	0.76267
A0A654D034	A0A654D034_9PSED	524	595	105.882352941176	unreviewed	histidine kinase (EC 2.7.13.3)	PSEUDO8Z_60380	Pseudomonas sp. 8Z	984	NA	NA	NA	IPR036890;IPR005467;IPR003661;IPR036097;IPR038377;IPR001734;IPR000014;IPR035965;IPR004358;	SUBCELLULAR LOCATION: Membrane {ECO:0000256|ARBA:ARBA00004141}; Multi-pass membrane protein {ECO:0000256|ARBA:ARBA00004141}.	NA	2653166	NA	membrane [GO:0016020]	NA	phosphorelay sensor kinase activity [GO:0000155]; transmembrane transporter activity [GO:0022857]	NA	52.8	53.079	51.367	4.06	0.8683	0.87655	961	0.87655
A0A3M2H2T7	A0A3M2H2T7_9PSED	525	595	104.411764705882	unreviewed	histidine kinase (EC 2.7.13.3)	EA796_22060	Pseudomonas sp. AOB-7	984	NA	NA	NA	IPR036890;IPR005467;IPR003661;IPR036097;IPR038377;IPR001734;IPR000014;IPR035965;IPR013767;IPR004358;	SUBCELLULAR LOCATION: Membrane {ECO:0000256|ARBA:ARBA00004141}; Multi-pass membrane protein {ECO:0000256|ARBA:ARBA00004141}.	NA	2482750	NA	membrane [GO:0016020]	regulation of DNA-templated transcription [GO:0006355]	ATP binding [GO:0005524]; phosphorelay sensor kinase activity [GO:0000155]; transmembrane transporter activity [GO:0022857]	CAUTION: The sequence shown here is derived from an EMBL/GenBank/DDBJ whole genome shotgun (WGS) entry which is preliminary data. {ECO:0000313|EMBL:RMH81939.1}.	54.2	53.079	51.252	4.05	0.86345	0.87161	959	0.87161
U2BGI8	U2BGI8_9PSED	525	595	104.411764705882	unreviewed	histidine kinase (EC 2.7.13.3)	N878_12085	Pseudomonas sp. EGD-AK9	984	NA	NA	NA	IPR036890;IPR005467;IPR003661;IPR036097;IPR038377;IPR001734;IPR000014;IPR035965;IPR013767;IPR004358;	SUBCELLULAR LOCATION: Membrane {ECO:0000256|ARBA:ARBA00004141}; Multi-pass membrane protein {ECO:0000256|ARBA:ARBA00004141}.	NA	1386078	NA	membrane [GO:0016020]	regulation of DNA-templated transcription [GO:0006355]	ATP binding [GO:0005524]; phosphorelay sensor kinase activity [GO:0000155]; transmembrane transporter activity [GO:0022857]	CAUTION: The sequence shown here is derived from an EMBL/GenBank/DDBJ whole genome shotgun (WGS) entry which is preliminary data. {ECO:0000313|EMBL:ERI54296.1}.	54.2	53.079	50.923	4.15	0.8615	0.86965	959	0.86965
A0A6I7NAB6	A0A6I7NAB6_9GAMM	523	592	102.941176470588	unreviewed	histidine kinase (EC 2.7.13.3)	EA348_06560	Pseudomonadaceae bacterium	981	NA	NA	NA	IPR036890;IPR005467;IPR003661;IPR036097;IPR038377;IPR001734;IPR000014;IPR035965;IPR013767;IPR004358;	SUBCELLULAR LOCATION: Membrane {ECO:0000256|ARBA:ARBA00004141}; Multi-pass membrane protein {ECO:0000256|ARBA:ARBA00004141}.	NA	1914538	NA	membrane [GO:0016020]	regulation of DNA-templated transcription [GO:0006355]	ATP binding [GO:0005524]; phosphorelay sensor kinase activity [GO:0000155]; transmembrane transporter activity [GO:0022857]	CAUTION: The sequence shown here is derived from an EMBL/GenBank/DDBJ whole genome shotgun (WGS) entry which is preliminary data. {ECO:0000313|EMBL:TVP90213.1}.	50	53.079	51.573	3.13	0.90727	0.91872	969	0.91872
A0A1H2DVU0	A0A1H2DVU0_9GAMM	523	592	102.941176470588	unreviewed	histidine kinase (EC 2.7.13.3)	SAMN05216210_0003	Halopseudomonas salegens	982	NA	NA	NA	IPR036890;IPR005467;IPR003661;IPR036097;IPR038377;IPR001734;IPR000014;IPR035965;IPR013767;IPR004358;	SUBCELLULAR LOCATION: Membrane {ECO:0000256|ARBA:ARBA00004141}; Multi-pass membrane protein {ECO:0000256|ARBA:ARBA00004141}.	NA	1434072	NA	membrane [GO:0016020]	regulation of DNA-templated transcription [GO:0006355]	ATP binding [GO:0005524]; phosphorelay sensor kinase activity [GO:0000155]; transmembrane transporter activity [GO:0022857]	NA	50	53.079	51.493	3.67	0.88673	0.89693	967	0.89693
A0A4Q9RAW2	A0A4Q9RAW2_9GAMM	525	595	104.411764705882	unreviewed	histidine kinase (EC 2.7.13.3)	DNJ96_07345	Stutzerimonas kirkiae	982	NA	NA	NA	IPR036890;IPR005467;IPR003661;IPR036097;IPR038377;IPR001734;IPR000014;IPR035965;IPR013767;IPR004358;	SUBCELLULAR LOCATION: Membrane {ECO:0000256|ARBA:ARBA00004141}; Multi-pass membrane protein {ECO:0000256|ARBA:ARBA00004141}.	NA	2211392	NA	membrane [GO:0016020]	regulation of DNA-templated transcription [GO:0006355]	ATP binding [GO:0005524]; phosphorelay sensor kinase activity [GO:0000155]; transmembrane transporter activity [GO:0022857]	CAUTION: The sequence shown here is derived from an EMBL/GenBank/DDBJ whole genome shotgun (WGS) entry which is preliminary data. {ECO:0000313|EMBL:TBU97929.1}.	52.8	53.079	50.807	4.37	0.82389	0.83318	930	0.83318
A0A7L5RWE6	A0A7L5RWE6_9PSED	525	595	104.411764705882	unreviewed	histidine kinase (EC 2.7.13.3)	HW090_14870	Pseudomonas sp. ABC1	982	NA	NA	NA	IPR036890;IPR005467;IPR003661;IPR036097;IPR038377;IPR001734;IPR000014;IPR035965;IPR004358;	SUBCELLULAR LOCATION: Membrane {ECO:0000256|ARBA:ARBA00004141}; Multi-pass membrane protein {ECO:0000256|ARBA:ARBA00004141}.	NA	2748080	NA	membrane [GO:0016020]	NA	phosphorelay sensor kinase activity [GO:0000155]; transmembrane transporter activity [GO:0022857]	NA	55.6	53.079	51.469	3.6	0.89044	0.90068	970	0.90068
A0A654D3C1	A0A654D3C1_9PSED	525	595	104.411764705882	unreviewed	histidine kinase (EC 2.7.13.3)	PSEUDO9AZ_40045	Pseudomonas sp. 9AZ	984	NA	NA	NA	IPR036890;IPR005467;IPR003661;IPR036097;IPR038377;IPR001734;IPR000014;IPR035965;IPR013767;IPR004358;	SUBCELLULAR LOCATION: Membrane {ECO:0000256|ARBA:ARBA00004141}; Multi-pass membrane protein {ECO:0000256|ARBA:ARBA00004141}.	NA	2653168	NA	membrane [GO:0016020]	regulation of DNA-templated transcription [GO:0006355]	ATP binding [GO:0005524]; phosphorelay sensor kinase activity [GO:0000155]; transmembrane transporter activity [GO:0022857]	NA	52.8	53.079	50.829	4.38	0.85514	0.86319	963	0.86319
A0A7Y1FZZ5	A0A7Y1FZZ5_9PSED	525	595	104.411764705882	unreviewed	histidine kinase (EC 2.7.13.3)	HBN63_18250	Pseudomonas sp. WS 5011	984	NA	NA	NA	IPR036890;IPR005467;IPR003661;IPR036097;IPR038377;IPR001734;IPR000014;IPR035965;IPR013767;IPR004358;	SUBCELLULAR LOCATION: Membrane {ECO:0000256|ARBA:ARBA00004141}; Multi-pass membrane protein {ECO:0000256|ARBA:ARBA00004141}.	NA	2717477	32587583	membrane [GO:0016020]	regulation of DNA-templated transcription [GO:0006355]	ATP binding [GO:0005524]; phosphorelay sensor kinase activity [GO:0000155]; transmembrane transporter activity [GO:0022857]	CAUTION: The sequence shown here is derived from an EMBL/GenBank/DDBJ whole genome shotgun (WGS) entry which is preliminary data. {ECO:0000313|EMBL:NMY52917.1}.	52.8	53.079	51.338	4.03	0.85589	0.86402	947	0.86402
A0A1H4QG39	A0A1H4QG39_PSEAG	525	595	104.411764705882	unreviewed	histidine kinase (EC 2.7.13.3)	SAMN05421553_0462	Pseudomonas anguilliseptica	984	NA	NA	NA	IPR036890;IPR005467;IPR003661;IPR036097;IPR038377;IPR001734;IPR000014;IPR035965;IPR013767;IPR004358;	SUBCELLULAR LOCATION: Membrane {ECO:0000256|ARBA:ARBA00004141}; Multi-pass membrane protein {ECO:0000256|ARBA:ARBA00004141}.	NA	53406	NA	membrane [GO:0016020]	regulation of DNA-templated transcription [GO:0006355]	ATP binding [GO:0005524]; phosphorelay sensor kinase activity [GO:0000155]; transmembrane transporter activity [GO:0022857]	NA	52.8	53.079	50.88	4.18	0.84243	0.85037	942	0.85037
A0A653YI63	A0A653YI63_9PSED	525	595	104.411764705882	unreviewed	histidine kinase (EC 2.7.13.3)	PSEUDO8BK_80099	Pseudomonas sp. 8BK	984	NA	NA	NA	IPR036890;IPR005467;IPR003661;IPR036097;IPR038377;IPR001734;IPR000014;IPR035965;IPR013767;IPR004358;	SUBCELLULAR LOCATION: Membrane {ECO:0000256|ARBA:ARBA00004141}; Multi-pass membrane protein {ECO:0000256|ARBA:ARBA00004141}.	NA	2653164	NA	membrane [GO:0016020]	regulation of DNA-templated transcription [GO:0006355]	ATP binding [GO:0005524]; phosphorelay sensor kinase activity [GO:0000155]; transmembrane transporter activity [GO:0022857]	NA	52.8	53.079	51.018	4.17	0.86278	0.87092	963	0.87092
A0A0A1YR37	A0A0A1YR37_9PSED	525	595	104.411764705882	unreviewed	histidine kinase (EC 2.7.13.3)	TMS3_0108090	Pseudomonas taeanensis MS-3	984	NA	NA	NA	IPR036890;IPR005467;IPR003661;IPR036097;IPR038377;IPR001734;IPR000014;IPR035965;IPR013767;IPR004358;	SUBCELLULAR LOCATION: Membrane {ECO:0000256|ARBA:ARBA00004141}; Multi-pass membrane protein {ECO:0000256|ARBA:ARBA00004141}.	NA	1395571	24407626	membrane [GO:0016020]	regulation of DNA-templated transcription [GO:0006355]	ATP binding [GO:0005524]; phosphorelay sensor kinase activity [GO:0000155]; transmembrane transporter activity [GO:0022857]	CAUTION: The sequence shown here is derived from an EMBL/GenBank/DDBJ whole genome shotgun (WGS) entry which is preliminary data. {ECO:0000313|EMBL:KFX71856.1}.	52.8	53.079	51.313	4.07	0.85722	0.86536	950	0.86536
A0A1H0GP51	A0A1H0GP51_9PSED	525	595	104.411764705882	unreviewed	histidine kinase (EC 2.7.13.3)	SAMN05216193_107279	Pseudomonas jinjuensis	983	NA	NA	NA	IPR036890;IPR005467;IPR003661;IPR036097;IPR038377;IPR001734;IPR000014;IPR035965;IPR013767;IPR004358;	SUBCELLULAR LOCATION: Membrane {ECO:0000256|ARBA:ARBA00004141}; Multi-pass membrane protein {ECO:0000256|ARBA:ARBA00004141}.	NA	198616	NA	membrane [GO:0016020]	regulation of DNA-templated transcription [GO:0006355]	ATP binding [GO:0005524]; phosphorelay sensor kinase activity [GO:0000155]; transmembrane transporter activity [GO:0022857]	NA	54.2	53.079	51.21	4.28	0.85225	0.86103	961	0.86103
A0A359D616	A0A359D616_PSESP	525	595	104.411764705882	unreviewed	ATPase	DEH10_03910	Pseudomonas sp	928	NA	NA	NA	IPR036890;IPR005467;IPR003661;IPR036097;IPR038377;IPR001734;IPR000014;IPR035965;IPR013767;	SUBCELLULAR LOCATION: Membrane {ECO:0000256|ARBA:ARBA00004141}; Multi-pass membrane protein {ECO:0000256|ARBA:ARBA00004141}.	NA	306	30148503	membrane [GO:0016020]	regulation of DNA-templated transcription [GO:0006355]	ATP binding [GO:0005524]; phosphorelay sensor kinase activity [GO:0000155]; transmembrane transporter activity [GO:0022857]	CAUTION: The sequence shown here is derived from an EMBL/GenBank/DDBJ whole genome shotgun (WGS) entry which is preliminary data. {ECO:0000313|EMBL:HBX54537.1}.	54.2	53.079	48.983	3.95	0.82042	0.87513	902	0.87513
A0A653QG79	A0A653QG79_9PSED	525	595	104.411764705882	unreviewed	histidine kinase (EC 2.7.13.3)	PSEUDO8AS_100180	Pseudomonas sp. 8AS	984	NA	NA	NA	IPR036890;IPR005467;IPR003661;IPR036097;IPR038377;IPR001734;IPR000014;IPR035965;IPR013767;IPR004358;	SUBCELLULAR LOCATION: Membrane {ECO:0000256|ARBA:ARBA00004141}; Multi-pass membrane protein {ECO:0000256|ARBA:ARBA00004141}.	NA	2653163	NA	membrane [GO:0016020]	regulation of DNA-templated transcription [GO:0006355]	ATP binding [GO:0005524]; phosphorelay sensor kinase activity [GO:0000155]; transmembrane transporter activity [GO:0022857]	NA	52.8	53.079	51.58	4	0.86652	0.87472	960	0.87472
F8HB31	F8HB31_STUS2	525	595	104.411764705882	unreviewed	histidine kinase (EC 2.7.13.3)	PSTAB_3339	Stutzerimonas stutzeri (strain ATCC 17588 / DSM 5190 / CCUG 11256 / JCM 5965 / LMG 11199 / NBRC 14165 / NCIMB 11358 / Stanier 221) (Pseudomonas stutzeri)	984	NA	NA	NA	IPR036890;IPR005467;IPR003661;IPR036097;IPR038377;IPR001734;IPR000014;IPR035965;IPR004358;	SUBCELLULAR LOCATION: Membrane {ECO:0000256|ARBA:ARBA00004141}; Multi-pass membrane protein {ECO:0000256|ARBA:ARBA00004141}.	NA	96563	21994926	membrane [GO:0016020]	NA	phosphorelay sensor kinase activity [GO:0000155]; transmembrane transporter activity [GO:0022857]	NA	52.8	53.079	51.839	3.77	0.88794	0.89644	970	0.89644
A0A7U7EBU6	A0A7U7EBU6_STUST	525	595	104.411764705882	unreviewed	histidine kinase (EC 2.7.13.3)	N5D09_11635 N7335_08865	Stutzerimonas stutzeri (Pseudomonas stutzeri)	984	NA	NA	NA	IPR036890;IPR005467;IPR003661;IPR036097;IPR038377;IPR001734;IPR000014;IPR035965;IPR004358;	SUBCELLULAR LOCATION: Membrane {ECO:0000256|ARBA:ARBA00004141}; Multi-pass membrane protein {ECO:0000256|ARBA:ARBA00004141}.	NA	316	NA	membrane [GO:0016020]	NA	ATP binding [GO:0005524]; phosphorelay sensor kinase activity [GO:0000155]; transmembrane transporter activity [GO:0022857]	CAUTION: The sequence shown here is derived from an EMBL/GenBank/DDBJ whole genome shotgun (WGS) entry which is preliminary data. {ECO:0000313|EMBL:MDH0146501.1}.	52.8	53.079	51.373	3.94	0.87538	0.88369	967	0.88369
A4VPM2	A4VPM2_STUS1	525	595	104.411764705882	unreviewed	histidine kinase (EC 2.7.13.3)	PST_3292	Stutzerimonas stutzeri (strain A1501) (Pseudomonas stutzeri)	984	NA	NA	NA	IPR036890;IPR005467;IPR003661;IPR036097;IPR038377;IPR001734;IPR000014;IPR035965;IPR004358;	SUBCELLULAR LOCATION: Membrane {ECO:0000256|ARBA:ARBA00004141}; Multi-pass membrane protein {ECO:0000256|ARBA:ARBA00004141}.	NA	379731	18495935	membrane [GO:0016020]	NA	phosphorelay sensor kinase activity [GO:0000155]; transmembrane transporter activity [GO:0022857]	NA	52.8	53.079	51.422	3.59	0.89351	0.90205	974	0.90205
A0A0F9TYD3	A0A0F9TYD3_9ZZZZ	521	590	102.941176470588	unreviewed	Histidine kinase domain-containing protein	LCGC14_0272350	marine sediment metagenome	980	NA	NA	NA	IPR036890;IPR005467;IPR003661;IPR036097;IPR038377;IPR001734;IPR000014;IPR035965;IPR013767;IPR004358;	SUBCELLULAR LOCATION: Membrane {ECO:0000256|ARBA:ARBA00004141}; Multi-pass membrane protein {ECO:0000256|ARBA:ARBA00004141}.	NA	412755	25945739	membrane [GO:0016020]	regulation of DNA-templated transcription [GO:0006355]	ATP binding [GO:0005524]; phosphorelay sensor kinase activity [GO:0000155]; transmembrane transporter activity [GO:0022857]	CAUTION: The sequence shown here is derived from an EMBL/GenBank/DDBJ whole genome shotgun (WGS) entry which is preliminary data. {ECO:0000313|EMBL:KKN86040.1}.	48.6	53.079	50.995	3.72	0.87936	0.89116	961	0.89116
A0A7V1FRM3	A0A7V1FRM3_9GAMM	521	590	102.941176470588	unreviewed	histidine kinase (EC 2.7.13.3)	ENH64_04690	Halopseudomonas xinjiangensis	980	NA	NA	NA	IPR036890;IPR005467;IPR003661;IPR036097;IPR038377;IPR001734;IPR000014;IPR035965;IPR013767;IPR004358;	SUBCELLULAR LOCATION: Membrane {ECO:0000256|ARBA:ARBA00004141}; Multi-pass membrane protein {ECO:0000256|ARBA:ARBA00004141}.	NA	487184	31911466	membrane [GO:0016020]	regulation of DNA-templated transcription [GO:0006355]	ATP binding [GO:0005524]; phosphorelay sensor kinase activity [GO:0000155]; transmembrane transporter activity [GO:0022857]	CAUTION: The sequence shown here is derived from an EMBL/GenBank/DDBJ whole genome shotgun (WGS) entry which is preliminary data. {ECO:0000313|EMBL:HDZ55757.1}.	48.6	53.079	51.193	3.76	0.88117	0.89306	960	0.89306
A0A1G6SWL6	A0A1G6SWL6_9PSED	525	595	104.411764705882	unreviewed	histidine kinase (EC 2.7.13.3)	SAMN05216576_112174	Ectopseudomonas chengduensis	984	NA	NA	NA	IPR036890;IPR005467;IPR003661;IPR036097;IPR038377;IPR001734;IPR000014;IPR035965;IPR013767;IPR004358;	SUBCELLULAR LOCATION: Membrane {ECO:0000256|ARBA:ARBA00004141}; Multi-pass membrane protein {ECO:0000256|ARBA:ARBA00004141}.	NA	489632	NA	membrane [GO:0016020]	regulation of DNA-templated transcription [GO:0006355]	ATP binding [GO:0005524]; phosphorelay sensor kinase activity [GO:0000155]; transmembrane transporter activity [GO:0022857]	NA	52.8	53.079	51.35	4.15	0.86496	0.87314	963	0.87314
F6AAJ2	F6AAJ2_PSEF1	523	593	104.411764705882	unreviewed	histidine kinase (EC 2.7.13.3)	Psefu_0959	Pseudomonas fulva (strain 12-X)	982	NA	NA	NA	IPR036890;IPR005467;IPR003661;IPR036097;IPR038377;IPR001734;IPR000014;IPR035965;IPR013767;IPR004358;	SUBCELLULAR LOCATION: Membrane {ECO:0000256|ARBA:ARBA00004141}; Multi-pass membrane protein {ECO:0000256|ARBA:ARBA00004141}.	NA	743720	NA	membrane [GO:0016020]	regulation of DNA-templated transcription [GO:0006355]	ATP binding [GO:0005524]; phosphorelay sensor kinase activity [GO:0000155]; transmembrane transporter activity [GO:0022857]	NA	55.6	53.079	51.102	4.07	0.86864	0.87852	965	0.87852
A0A2W7ITJ9	A0A2W7ITJ9_9PSED	525	595	104.411764705882	unreviewed	histidine kinase (EC 2.7.13.3)	F469_03926	Pseudomonas sp. URMO17WK12:I2	984	NA	NA	NA	IPR036890;IPR005467;IPR003661;IPR036097;IPR038377;IPR001734;IPR000014;IPR035965;IPR013767;IPR004358;	SUBCELLULAR LOCATION: Membrane {ECO:0000256|ARBA:ARBA00004141}; Multi-pass membrane protein {ECO:0000256|ARBA:ARBA00004141}.	NA	1261623	NA	membrane [GO:0016020]	regulation of DNA-templated transcription [GO:0006355]	ATP binding [GO:0005524]; phosphorelay sensor kinase activity [GO:0000155]; transmembrane transporter activity [GO:0022857]	CAUTION: The sequence shown here is derived from an EMBL/GenBank/DDBJ whole genome shotgun (WGS) entry which is preliminary data. {ECO:0000313|EMBL:PZW41993.1}.	55.6	53.079	51.218	4.44	0.84993	0.85782	967	0.85782
A0A1Q9XVF2	A0A1Q9XVF2_9PSED	523	593	104.411764705882	unreviewed	histidine kinase (EC 2.7.13.3)	BVH06_15825	Pseudomonas sp. PA27(2017)	982	NA	NA	NA	IPR036890;IPR005467;IPR003661;IPR036097;IPR038377;IPR001734;IPR000014;IPR035965;IPR013767;IPR004358;	SUBCELLULAR LOCATION: Membrane {ECO:0000256|ARBA:ARBA00004141}; Multi-pass membrane protein {ECO:0000256|ARBA:ARBA00004141}.	NA	1932112	NA	membrane [GO:0016020]	regulation of DNA-templated transcription [GO:0006355]	ATP binding [GO:0005524]; phosphorelay sensor kinase activity [GO:0000155]; transmembrane transporter activity [GO:0022857]	CAUTION: The sequence shown here is derived from an EMBL/GenBank/DDBJ whole genome shotgun (WGS) entry which is preliminary data. {ECO:0000313|EMBL:OLU29845.1}.	55.6	53.079	50.758	3.98	0.87325	0.88322	966	0.88322
A0A1Q9XRM5	A0A1Q9XRM5_9PSED	523	593	104.411764705882	unreviewed	histidine kinase (EC 2.7.13.3)	BVH03_15095	Pseudomonas sp. PA15(2017)	982	NA	NA	NA	IPR036890;IPR005467;IPR003661;IPR036097;IPR038377;IPR001734;IPR000014;IPR035965;IPR013767;IPR004358;	SUBCELLULAR LOCATION: Membrane {ECO:0000256|ARBA:ARBA00004141}; Multi-pass membrane protein {ECO:0000256|ARBA:ARBA00004141}.	NA	1932111	NA	membrane [GO:0016020]	regulation of DNA-templated transcription [GO:0006355]	ATP binding [GO:0005524]; phosphorelay sensor kinase activity [GO:0000155]; transmembrane transporter activity [GO:0022857]	CAUTION: The sequence shown here is derived from an EMBL/GenBank/DDBJ whole genome shotgun (WGS) entry which is preliminary data. {ECO:0000313|EMBL:OLU27101.1}.	55.6	53.079	51.014	3.96	0.87427	0.88422	968	0.88422
A0A1I3JH07	A0A1I3JH07_9PSED	525	595	104.411764705882	unreviewed	histidine kinase (EC 2.7.13.3)	SAMN05216602_1829	Phytopseudomonas argentinensis	984	NA	NA	NA	IPR036890;IPR005467;IPR003661;IPR036097;IPR038377;IPR001734;IPR000014;IPR035965;IPR013767;IPR004358;	SUBCELLULAR LOCATION: Membrane {ECO:0000256|ARBA:ARBA00004141}; Multi-pass membrane protein {ECO:0000256|ARBA:ARBA00004141}.	NA	289370	NA	membrane [GO:0016020]	regulation of DNA-templated transcription [GO:0006355]	ATP binding [GO:0005524]; phosphorelay sensor kinase activity [GO:0000155]; transmembrane transporter activity [GO:0022857]	NA	55.6	53.079	51.183	3.74	0.8805	0.88886	967	0.88886
A0A561DQ44	A0A561DQ44_9PSED	523	593	104.411764705882	unreviewed	histidine kinase (EC 2.7.13.3)	FB481_107220	Pseudomonas sp. AG1028	982	NA	NA	NA	IPR036890;IPR005467;IPR003661;IPR036097;IPR038377;IPR001734;IPR000014;IPR035965;IPR013767;IPR004358;	SUBCELLULAR LOCATION: Membrane {ECO:0000256|ARBA:ARBA00004141}; Multi-pass membrane protein {ECO:0000256|ARBA:ARBA00004141}.	NA	2572911	NA	membrane [GO:0016020]	regulation of DNA-templated transcription [GO:0006355]	ATP binding [GO:0005524]; phosphorelay sensor kinase activity [GO:0000155]; transmembrane transporter activity [GO:0022857]	CAUTION: The sequence shown here is derived from an EMBL/GenBank/DDBJ whole genome shotgun (WGS) entry which is preliminary data. {ECO:0000313|EMBL:TWE05473.1}.	55.6	53.079	51.09	4	0.87338	0.88334	966	0.88334
A0A061JQU1	A0A061JQU1_STUST	525	595	104.411764705882	unreviewed	histidine kinase (EC 2.7.13.3)	B597_013770	Stutzerimonas stutzeri KOS6	984	NA	NA	NA	IPR036890;IPR005467;IPR003661;IPR036097;IPR038377;IPR001734;IPR000014;IPR035965;IPR004358;	SUBCELLULAR LOCATION: Membrane {ECO:0000256|ARBA:ARBA00004141}; Multi-pass membrane protein {ECO:0000256|ARBA:ARBA00004141}.	NA	1218352	23405317	membrane [GO:0016020]	NA	phosphorelay sensor kinase activity [GO:0000155]; transmembrane transporter activity [GO:0022857]	CAUTION: The sequence shown here is derived from an EMBL/GenBank/DDBJ whole genome shotgun (WGS) entry which is preliminary data. {ECO:0000313|EMBL:EWC40710.1}.	52.8	53.079	51.586	3.62	0.89298	0.90152	973	0.90152
A0A1I1X7Q1	A0A1I1X7Q1_PSEOC	523	593	104.411764705882	unreviewed	histidine kinase (EC 2.7.13.3)	SAMN05216372_10791	Pseudomonas straminea	982	NA	NA	NA	IPR036890;IPR005467;IPR003661;IPR036097;IPR038377;IPR001734;IPR000014;IPR035965;IPR013767;IPR004358;	SUBCELLULAR LOCATION: Membrane {ECO:0000256|ARBA:ARBA00004141}; Multi-pass membrane protein {ECO:0000256|ARBA:ARBA00004141}.	NA	47882	NA	membrane [GO:0016020]	regulation of DNA-templated transcription [GO:0006355]	ATP binding [GO:0005524]; phosphorelay sensor kinase activity [GO:0000155]; transmembrane transporter activity [GO:0022857]	NA	55.6	53.079	50.803	4.28	0.84817	0.85775	952	0.85775
A0A2P4ESA4	A0A2P4ESA4_9GAMM	523	592	102.941176470588	unreviewed	histidine kinase (EC 2.7.13.3)	C1949_15305	Halopseudomonas oceani	983	NA	NA	NA	IPR036890;IPR005467;IPR003661;IPR036097;IPR038377;IPR001734;IPR000014;IPR035965;IPR013767;IPR004358;	SUBCELLULAR LOCATION: Membrane {ECO:0000256|ARBA:ARBA00004141}; Multi-pass membrane protein {ECO:0000256|ARBA:ARBA00004141}.	NA	1708783	NA	membrane [GO:0016020]	regulation of DNA-templated transcription [GO:0006355]	ATP binding [GO:0005524]; phosphorelay sensor kinase activity [GO:0000155]; transmembrane transporter activity [GO:0022857]	CAUTION: The sequence shown here is derived from an EMBL/GenBank/DDBJ whole genome shotgun (WGS) entry which is preliminary data. {ECO:0000313|EMBL:POB01879.1}.	50	53.079	51.697	2.6	0.93245	0.94252	975	0.94252
A0A427FID0	A0A427FID0_9PSED	525	595	104.411764705882	unreviewed	histidine kinase (EC 2.7.13.3)	EGJ86_10890	Pseudomonas sp. o96-267	984	NA	NA	NA	IPR036890;IPR005467;IPR003661;IPR036097;IPR038377;IPR001734;IPR000014;IPR035965;IPR013767;IPR004358;	SUBCELLULAR LOCATION: Membrane {ECO:0000256|ARBA:ARBA00004141}; Multi-pass membrane protein {ECO:0000256|ARBA:ARBA00004141}.	NA	2479853	NA	membrane [GO:0016020]	regulation of DNA-templated transcription [GO:0006355]	ATP binding [GO:0005524]; phosphorelay sensor kinase activity [GO:0000155]; transmembrane transporter activity [GO:0022857]	CAUTION: The sequence shown here is derived from an EMBL/GenBank/DDBJ whole genome shotgun (WGS) entry which is preliminary data. {ECO:0000313|EMBL:RRV39113.1}.	52.8	53.079	51.371	3.92	0.87718	0.88557	963	0.88557
A0A1I5QDP5	A0A1I5QDP5_9PSED	525	595	104.411764705882	unreviewed	histidine kinase (EC 2.7.13.3)	SAMN05216601_111156	Ectopseudomonas composti	984	NA	NA	NA	IPR036890;IPR005467;IPR003661;IPR036097;IPR038377;IPR001734;IPR000014;IPR035965;IPR013767;IPR004358;	SUBCELLULAR LOCATION: Membrane {ECO:0000256|ARBA:ARBA00004141}; Multi-pass membrane protein {ECO:0000256|ARBA:ARBA00004141}.	NA	658457	NA	membrane [GO:0016020]	regulation of DNA-templated transcription [GO:0006355]	ATP binding [GO:0005524]; phosphorelay sensor kinase activity [GO:0000155]; transmembrane transporter activity [GO:0022857]	NA	52.8	53.079	51.101	4.23	0.85076	0.85873	956	0.85873
A0A379JPX4	A0A379JPX4_PSEOL	525	595	104.411764705882	unreviewed	histidine kinase (EC 2.7.13.3)	kinA_1 N5J11_03245 N7671_14980 NCTC10692_00660 NCTC10860_03547	Ectopseudomonas oleovorans (Pseudomonas oleovorans)	984	NA	NA	NA	IPR036890;IPR005467;IPR003661;IPR036097;IPR038377;IPR001734;IPR000014;IPR035965;IPR013767;IPR004358;	SUBCELLULAR LOCATION: Membrane {ECO:0000256|ARBA:ARBA00004141}; Multi-pass membrane protein {ECO:0000256|ARBA:ARBA00004141}.	NA	301	NA	membrane [GO:0016020]	regulation of DNA-templated transcription [GO:0006355]	ATP binding [GO:0005524]; phosphorelay sensor kinase activity [GO:0000155]; transmembrane transporter activity [GO:0022857]	NA	52.8	53.079	51.758	3.02	0.91115	0.91994	973	0.91994
A0A0D9AQU8	A0A0D9AQU8_STUST	525	595	104.411764705882	unreviewed	histidine kinase (EC 2.7.13.3)	UF78_04715	Stutzerimonas stutzeri (Pseudomonas stutzeri)	984	NA	NA	NA	IPR036890;IPR005467;IPR003661;IPR036097;IPR038377;IPR001734;IPR000014;IPR035965;IPR013767;IPR004358;	SUBCELLULAR LOCATION: Membrane {ECO:0000256|ARBA:ARBA00004141}; Multi-pass membrane protein {ECO:0000256|ARBA:ARBA00004141}.	NA	316	NA	membrane [GO:0016020]	regulation of DNA-templated transcription [GO:0006355]	ATP binding [GO:0005524]; phosphorelay sensor kinase activity [GO:0000155]; transmembrane transporter activity [GO:0022857]	CAUTION: The sequence shown here is derived from an EMBL/GenBank/DDBJ whole genome shotgun (WGS) entry which is preliminary data. {ECO:0000313|EMBL:KJH83368.1}.	51.4	53.079	50.994	3.91	0.84084	0.84887	923	0.84887
A0A2G5FFD8	A0A2G5FFD8_9PSED	525	595	104.411764705882	unreviewed	histidine kinase (EC 2.7.13.3)	CDO35_18165	Pseudomonas sediminis	984	NA	NA	NA	IPR036890;IPR005467;IPR003661;IPR036097;IPR038377;IPR001734;IPR000014;IPR035965;IPR013767;IPR004358;	SUBCELLULAR LOCATION: Membrane {ECO:0000256|ARBA:ARBA00004141}; Multi-pass membrane protein {ECO:0000256|ARBA:ARBA00004141}.	NA	1691904	NA	membrane [GO:0016020]	regulation of DNA-templated transcription [GO:0006355]	ATP binding [GO:0005524]; phosphorelay sensor kinase activity [GO:0000155]; transmembrane transporter activity [GO:0022857]	CAUTION: The sequence shown here is derived from an EMBL/GenBank/DDBJ whole genome shotgun (WGS) entry which is preliminary data. {ECO:0000313|EMBL:PIA66718.1}.	52.8	53.079	52.795	4.08	0.7636	0.771	830	0.771
A0A553GTZ6	A0A553GTZ6_9PSED	525	595	104.411764705882	unreviewed	histidine kinase (EC 2.7.13.3)	FM069_20265	Pseudomonas mangiferae	984	NA	NA	NA	IPR036890;IPR005467;IPR003661;IPR036097;IPR038377;IPR001734;IPR000014;IPR035965;IPR013767;IPR004358;	SUBCELLULAR LOCATION: Membrane {ECO:0000256|ARBA:ARBA00004141}; Multi-pass membrane protein {ECO:0000256|ARBA:ARBA00004141}.	NA	2593654	NA	membrane [GO:0016020]	regulation of DNA-templated transcription [GO:0006355]	ATP binding [GO:0005524]; phosphorelay sensor kinase activity [GO:0000155]; transmembrane transporter activity [GO:0022857]	CAUTION: The sequence shown here is derived from an EMBL/GenBank/DDBJ whole genome shotgun (WGS) entry which is preliminary data. {ECO:0000313|EMBL:TRX72926.1}.	54.2	53.079	50.87	4.13	0.86511	0.87328	964	0.87328
U3B605	U3B605_PSEA4	525	595	104.411764705882	unreviewed	histidine kinase (EC 2.7.13.3)	PA6_010_01250	Aquipseudomonas alcaligenes (strain ATCC 14909 / DSM 50342 / CCUG 1425 / JCM 20561 / NBRC 14159 / NCIMB 9945 / NCTC 10367 / 1577) (Pseudomonas alcaligenes)	984	NA	NA	NA	IPR036890;IPR005467;IPR003661;IPR036097;IPR038377;IPR001734;IPR000014;IPR035965;IPR013767;IPR004358;	SUBCELLULAR LOCATION: Membrane {ECO:0000256|ARBA:ARBA00004141}; Multi-pass membrane protein {ECO:0000256|ARBA:ARBA00004141}.	NA	1215092	NA	membrane [GO:0016020]	regulation of DNA-templated transcription [GO:0006355]	ATP binding [GO:0005524]; phosphorelay sensor kinase activity [GO:0000155]; transmembrane transporter activity [GO:0022857]	CAUTION: The sequence shown here is derived from an EMBL/GenBank/DDBJ whole genome shotgun (WGS) entry which is preliminary data. {ECO:0000313|EMBL:GAD62313.1}.	52.8	53.079	51.251	4.29	0.85491	0.86291	964	0.86291
A0A2D5VSG5	A0A2D5VSG5_PSESP	525	595	104.411764705882	unreviewed	histidine kinase (EC 2.7.13.3)	CMK92_11950	Pseudomonas sp	984	NA	NA	NA	IPR036890;IPR005467;IPR003661;IPR036097;IPR038377;IPR001734;IPR000014;IPR035965;IPR013767;IPR004358;	SUBCELLULAR LOCATION: Membrane {ECO:0000256|ARBA:ARBA00004141}; Multi-pass membrane protein {ECO:0000256|ARBA:ARBA00004141}.	NA	306	NA	membrane [GO:0016020]	regulation of DNA-templated transcription [GO:0006355]	ATP binding [GO:0005524]; phosphorelay sensor kinase activity [GO:0000155]; transmembrane transporter activity [GO:0022857]	CAUTION: The sequence shown here is derived from an EMBL/GenBank/DDBJ whole genome shotgun (WGS) entry which is preliminary data. {ECO:0000313|EMBL:MAE23110.1}.	52.8	53.079	51.362	3.74	0.88408	0.8925	969	0.8925
A0A1H2M5P9	A0A1H2M5P9_9PSED	525	595	104.411764705882	unreviewed	histidine kinase (EC 2.7.13.3)	SAMN05216363_2815	Pseudomonas sihuiensis	984	NA	NA	NA	IPR036890;IPR005467;IPR003661;IPR036097;IPR038377;IPR001734;IPR000014;IPR035965;IPR013767;IPR004358;	SUBCELLULAR LOCATION: Membrane {ECO:0000256|ARBA:ARBA00004141}; Multi-pass membrane protein {ECO:0000256|ARBA:ARBA00004141}.	NA	1274359	NA	membrane [GO:0016020]	regulation of DNA-templated transcription [GO:0006355]	ATP binding [GO:0005524]; phosphorelay sensor kinase activity [GO:0000155]; transmembrane transporter activity [GO:0022857]	NA	52.8	53.079	49.865	3.33	0.74435	0.75161	793	0.75161
A0A1H0XI61	A0A1H0XI61_9PSED	525	595	104.411764705882	unreviewed	histidine kinase (EC 2.7.13.3)	SAMN05216213_12230	Ectopseudomonas guguanensis	984	NA	NA	NA	IPR036890;IPR005467;IPR003661;IPR036097;IPR038377;IPR001734;IPR000014;IPR035965;IPR013767;IPR004358;	SUBCELLULAR LOCATION: Membrane {ECO:0000256|ARBA:ARBA00004141}; Multi-pass membrane protein {ECO:0000256|ARBA:ARBA00004141}.	NA	1198456	NA	membrane [GO:0016020]	regulation of DNA-templated transcription [GO:0006355]	ATP binding [GO:0005524]; phosphorelay sensor kinase activity [GO:0000155]; transmembrane transporter activity [GO:0022857]	NA	52.8	53.079	51.523	3.95	0.87316	0.88144	965	0.88144
A0A5N7XZV9	A0A5N7XZV9_PSESP	525	595	104.411764705882	unreviewed	histidine kinase (EC 2.7.13.3)	E2579_17810	Pseudomonas sp	984	NA	NA	NA	IPR036890;IPR005467;IPR003661;IPR036097;IPR038377;IPR001734;IPR000014;IPR035965;IPR013767;IPR004358;	SUBCELLULAR LOCATION: Membrane {ECO:0000256|ARBA:ARBA00004141}; Multi-pass membrane protein {ECO:0000256|ARBA:ARBA00004141}.	NA	306	NA	membrane [GO:0016020]	regulation of DNA-templated transcription [GO:0006355]	ATP binding [GO:0005524]; phosphorelay sensor kinase activity [GO:0000155]; transmembrane transporter activity [GO:0022857]	CAUTION: The sequence shown here is derived from an EMBL/GenBank/DDBJ whole genome shotgun (WGS) entry which is preliminary data. {ECO:0000313|EMBL:MPT19574.1}.	52.8	53.079	51.378	3.75	0.87878	0.88714	964	0.88714
A0A2T5PMP3	A0A2T5PMP3_9PSED	525	595	104.411764705882	unreviewed	histidine kinase (EC 2.7.13.3)	DBO86_11125	Pseudomonas indoloxydans	984	NA	NA	NA	IPR036890;IPR005467;IPR003661;IPR036097;IPR038377;IPR001734;IPR000014;IPR035965;IPR013767;IPR004358;	SUBCELLULAR LOCATION: Membrane {ECO:0000256|ARBA:ARBA00004141}; Multi-pass membrane protein {ECO:0000256|ARBA:ARBA00004141}.	NA	404407	NA	membrane [GO:0016020]	regulation of DNA-templated transcription [GO:0006355]	ATP binding [GO:0005524]; phosphorelay sensor kinase activity [GO:0000155]; transmembrane transporter activity [GO:0022857]	CAUTION: The sequence shown here is derived from an EMBL/GenBank/DDBJ whole genome shotgun (WGS) entry which is preliminary data. {ECO:0000313|EMBL:PTU79021.1}.	52.8	53.079	52.038	3.63	0.88815	0.89664	968	0.89664
A0A2V4L912	A0A2V4L912_PSEAC	525	595	104.411764705882	unreviewed	histidine kinase (EC 2.7.13.3)	DMO17_03465	Aquipseudomonas alcaligenes (Pseudomonas alcaligenes)	984	NA	NA	NA	IPR036890;IPR005467;IPR003661;IPR036097;IPR038377;IPR001734;IPR000014;IPR035965;IPR013767;IPR004358;	SUBCELLULAR LOCATION: Membrane {ECO:0000256|ARBA:ARBA00004141}; Multi-pass membrane protein {ECO:0000256|ARBA:ARBA00004141}.	NA	43263	NA	membrane [GO:0016020]	regulation of DNA-templated transcription [GO:0006355]	ATP binding [GO:0005524]; phosphorelay sensor kinase activity [GO:0000155]; transmembrane transporter activity [GO:0022857]	CAUTION: The sequence shown here is derived from an EMBL/GenBank/DDBJ whole genome shotgun (WGS) entry which is preliminary data. {ECO:0000313|EMBL:PYC28248.1}.	52.8	53.079	51.55	3.89	0.87755	0.88588	967	0.88588
B1PIX1	B1PIX1_PSEAC	525	595	104.411764705882	unreviewed	histidine kinase (EC 2.7.13.3)	lipQ	Aquipseudomonas alcaligenes (Pseudomonas alcaligenes)	984	NA	NA	NA	IPR036890;IPR005467;IPR003661;IPR036097;IPR038377;IPR001734;IPR000014;IPR035965;IPR013767;IPR004358;	SUBCELLULAR LOCATION: Membrane {ECO:0000256|ARBA:ARBA00004141}; Multi-pass membrane protein {ECO:0000256|ARBA:ARBA00004141}.	NA	43263	18192420	membrane [GO:0016020]	regulation of DNA-templated transcription [GO:0006355]	ATP binding [GO:0005524]; phosphorelay sensor kinase activity [GO:0000155]; transmembrane transporter activity [GO:0022857]	NA	52.8	53.079	51.322	4.15	0.85502	0.86316	946	0.86316
A0A379IRI3	A0A379IRI3_PSEME	525	595	104.411764705882	unreviewed	histidine kinase (EC 2.7.13.3)	kinA_1 EQ836_17900 NCTC10899_01580	Ectopseudomonas mendocina (Pseudomonas mendocina)	984	NA	NA	NA	IPR036890;IPR005467;IPR003661;IPR036097;IPR038377;IPR001734;IPR000014;IPR035965;IPR013767;IPR004358;	SUBCELLULAR LOCATION: Membrane {ECO:0000256|ARBA:ARBA00004141}; Multi-pass membrane protein {ECO:0000256|ARBA:ARBA00004141}.	NA	300	NA	membrane [GO:0016020]	regulation of DNA-templated transcription [GO:0006355]	ATP binding [GO:0005524]; phosphorelay sensor kinase activity [GO:0000155]; transmembrane transporter activity [GO:0022857]	NA	52.8	53.079	51.864	3.75	0.88606	0.89458	964	0.89458
A0A1I5V2L2	A0A1I5V2L2_9PSED	525	595	104.411764705882	unreviewed	histidine kinase (EC 2.7.13.3)	SAMN05216177_10731	Ectopseudomonas toyotomiensis	984	NA	NA	NA	IPR036890;IPR005467;IPR003661;IPR036097;IPR038377;IPR001734;IPR000014;IPR035965;IPR013767;IPR004358;	SUBCELLULAR LOCATION: Membrane {ECO:0000256|ARBA:ARBA00004141}; Multi-pass membrane protein {ECO:0000256|ARBA:ARBA00004141}.	NA	554344	NA	membrane [GO:0016020]	regulation of DNA-templated transcription [GO:0006355]	ATP binding [GO:0005524]; phosphorelay sensor kinase activity [GO:0000155]; transmembrane transporter activity [GO:0022857]	NA	52.8	53.079	51.374	3.51	0.89454	0.90315	968	0.90315
A0A427HJJ0	A0A427HJJ0_PSEOL	525	595	104.411764705882	unreviewed	histidine kinase (EC 2.7.13.3)	EGJ44_13545	Ectopseudomonas oleovorans (Pseudomonas oleovorans)	984	NA	NA	NA	IPR036890;IPR005467;IPR003661;IPR036097;IPR038377;IPR001734;IPR000014;IPR035965;IPR013767;IPR004358;	SUBCELLULAR LOCATION: Membrane {ECO:0000256|ARBA:ARBA00004141}; Multi-pass membrane protein {ECO:0000256|ARBA:ARBA00004141}.	NA	301	NA	membrane [GO:0016020]	regulation of DNA-templated transcription [GO:0006355]	ATP binding [GO:0005524]; phosphorelay sensor kinase activity [GO:0000155]; transmembrane transporter activity [GO:0022857]	CAUTION: The sequence shown here is derived from an EMBL/GenBank/DDBJ whole genome shotgun (WGS) entry which is preliminary data. {ECO:0000313|EMBL:RRW34756.1}.	52.8	53.079	51.529	3.44	0.89862	0.90725	972	0.90725
A0A1N6R0H9	A0A1N6R0H9_PSEAC	525	595	104.411764705882	unreviewed	histidine kinase (EC 2.7.13.3)	SAMN05878282_102781	Aquipseudomonas alcaligenes (Pseudomonas alcaligenes)	984	NA	NA	NA	IPR036890;IPR005467;IPR003661;IPR036097;IPR038377;IPR001734;IPR000014;IPR035965;IPR013767;IPR004358;	SUBCELLULAR LOCATION: Membrane {ECO:0000256|ARBA:ARBA00004141}; Multi-pass membrane protein {ECO:0000256|ARBA:ARBA00004141}.	NA	43263	NA	membrane [GO:0016020]	regulation of DNA-templated transcription [GO:0006355]	ATP binding [GO:0005524]; phosphorelay sensor kinase activity [GO:0000155]; transmembrane transporter activity [GO:0022857]	NA	52.8	53.079	51.754	3.77	0.8818	0.8902	967	0.8902
A0A1G7GQT5	A0A1G7GQT5_9PSED	525	595	104.411764705882	unreviewed	histidine kinase (EC 2.7.13.3)	SAMN05216575_104331	Ectopseudomonas alcaliphila	984	NA	NA	NA	IPR036890;IPR005467;IPR003661;IPR036097;IPR038377;IPR001734;IPR000014;IPR035965;IPR013767;IPR004358;	SUBCELLULAR LOCATION: Membrane {ECO:0000256|ARBA:ARBA00004141}; Multi-pass membrane protein {ECO:0000256|ARBA:ARBA00004141}.	NA	101564	NA	membrane [GO:0016020]	regulation of DNA-templated transcription [GO:0006355]	ATP binding [GO:0005524]; phosphorelay sensor kinase activity [GO:0000155]; transmembrane transporter activity [GO:0022857]	NA	52.8	53.079	51.383	3.56	0.89317	0.90173	970	0.90173
A0A1I5T9Z7	A0A1I5T9Z7_9PSED	525	595	104.411764705882	unreviewed	histidine kinase (EC 2.7.13.3)	SAMN05216190_11945	Pseudomonas borbori	984	NA	NA	NA	IPR036890;IPR005467;IPR003661;IPR036097;IPR038377;IPR001734;IPR000014;IPR035965;IPR013656;IPR004358;	SUBCELLULAR LOCATION: Membrane {ECO:0000256|ARBA:ARBA00004141}; Multi-pass membrane protein {ECO:0000256|ARBA:ARBA00004141}.	NA	289003	NA	membrane [GO:0016020]	NA	phosphorelay sensor kinase activity [GO:0000155]; transmembrane transporter activity [GO:0022857]	NA	54.2	53.079	50.549	4.34	0.84828	0.8562	958	0.8562
A0A3D2M951	A0A3D2M951_PSESP	525	595	104.411764705882	unreviewed	histidine kinase (EC 2.7.13.3)	DHV63_15705	Pseudomonas sp	984	NA	NA	NA	IPR036890;IPR005467;IPR003661;IPR036097;IPR038377;IPR001734;IPR000014;IPR035965;IPR013767;IPR004358;	SUBCELLULAR LOCATION: Membrane {ECO:0000256|ARBA:ARBA00004141}; Multi-pass membrane protein {ECO:0000256|ARBA:ARBA00004141}.	NA	306	30148503	membrane [GO:0016020]	regulation of DNA-templated transcription [GO:0006355]	ATP binding [GO:0005524]; phosphorelay sensor kinase activity [GO:0000155]; transmembrane transporter activity [GO:0022857]	CAUTION: The sequence shown here is derived from an EMBL/GenBank/DDBJ whole genome shotgun (WGS) entry which is preliminary data. {ECO:0000313|EMBL:HCJ30690.1}.	51.4	53.079	51.948	4.15	0.8328	0.84077	918	0.84077
A0A2P6JKN9	A0A2P6JKN9_9PSED	523	592	102.941176470588	unreviewed	histidine kinase (EC 2.7.13.3)	CQ007_14700	Pseudomonas sp. MYb185	982	NA	NA	NA	IPR036890;IPR005467;IPR003661;IPR036097;IPR038377;IPR001734;IPR000014;IPR035965;IPR013656;IPR004358;	SUBCELLULAR LOCATION: Membrane {ECO:0000256|ARBA:ARBA00004141}; Multi-pass membrane protein {ECO:0000256|ARBA:ARBA00004141}.	NA	1848729	NA	membrane [GO:0016020]	NA	phosphorelay sensor kinase activity [GO:0000155]; transmembrane transporter activity [GO:0022857]	CAUTION: The sequence shown here is derived from an EMBL/GenBank/DDBJ whole genome shotgun (WGS) entry which is preliminary data. {ECO:0000313|EMBL:PRB79856.1}.	47.2	53.079	51.57	2.46	0.9304	0.94139	969	0.94139
A0A4Q9R7V8	A0A4Q9R7V8_9PSED	525	595	104.411764705882	unreviewed	histidine kinase (EC 2.7.13.3)	DNK44_03390	Phytopseudomonas dryadis	984	NA	NA	NA	IPR036890;IPR005467;IPR003661;IPR036097;IPR038377;IPR001734;IPR000014;IPR035965;IPR013767;IPR004358;	SUBCELLULAR LOCATION: Membrane {ECO:0000256|ARBA:ARBA00004141}; Multi-pass membrane protein {ECO:0000256|ARBA:ARBA00004141}.	NA	2487520	NA	membrane [GO:0016020]	regulation of DNA-templated transcription [GO:0006355]	ATP binding [GO:0005524]; phosphorelay sensor kinase activity [GO:0000155]; transmembrane transporter activity [GO:0022857]	CAUTION: The sequence shown here is derived from an EMBL/GenBank/DDBJ whole genome shotgun (WGS) entry which is preliminary data. {ECO:0000313|EMBL:TBU96676.1}.	55.6	53.079	51.239	3.74	0.88521	0.89372	963	0.89372
G3LH15	G3LH15_9PSED	525	595	104.411764705882	unreviewed	histidine kinase (EC 2.7.13.3)	NA	Pseudomonas sp. 19-rlim	984	NA	NA	NA	IPR036890;IPR005467;IPR003661;IPR036097;IPR038377;IPR001734;IPR000014;IPR035965;IPR013767;IPR004358;	SUBCELLULAR LOCATION: Membrane {ECO:0000256|ARBA:ARBA00004141}; Multi-pass membrane protein {ECO:0000256|ARBA:ARBA00004141}.	NA	1084570	NA	membrane [GO:0016020]	regulation of DNA-templated transcription [GO:0006355]	ATP binding [GO:0005524]; phosphorelay sensor kinase activity [GO:0000155]; transmembrane transporter activity [GO:0022857]	NA	54.2	53.079	51.574	4.05	0.86283	0.87094	963	0.87094
A0A2V2T444	A0A2V2T444_9PSED	525	595	104.411764705882	unreviewed	histidine kinase (EC 2.7.13.3)	DK254_04555	Pseudomonas sp. RW407	983	NA	NA	NA	IPR036890;IPR005467;IPR003661;IPR036097;IPR038377;IPR001734;IPR000014;IPR035965;IPR013767;IPR004358;	SUBCELLULAR LOCATION: Membrane {ECO:0000256|ARBA:ARBA00004141}; Multi-pass membrane protein {ECO:0000256|ARBA:ARBA00004141}.	NA	2202894	NA	membrane [GO:0016020]	regulation of DNA-templated transcription [GO:0006355]	ATP binding [GO:0005524]; phosphorelay sensor kinase activity [GO:0000155]; transmembrane transporter activity [GO:0022857]	CAUTION: The sequence shown here is derived from an EMBL/GenBank/DDBJ whole genome shotgun (WGS) entry which is preliminary data. {ECO:0000313|EMBL:PWU31743.1}.	51.4	53.079	51.651	3.89	0.87549	0.88464	966	0.88464
A0A1G8GGT9	A0A1G8GGT9_9PSED	525	595	104.411764705882	unreviewed	histidine kinase (EC 2.7.13.3)	SAMN05216588_10943	Phytopseudomonas flavescens	984	NA	NA	NA	IPR036890;IPR005467;IPR003661;IPR036097;IPR038377;IPR001734;IPR000014;IPR035965;IPR013767;IPR004358;	SUBCELLULAR LOCATION: Membrane {ECO:0000256|ARBA:ARBA00004141}; Multi-pass membrane protein {ECO:0000256|ARBA:ARBA00004141}.	NA	29435	NA	membrane [GO:0016020]	regulation of DNA-templated transcription [GO:0006355]	ATP binding [GO:0005524]; phosphorelay sensor kinase activity [GO:0000155]; transmembrane transporter activity [GO:0022857]	NA	55.6	53.079	51.004	4.04	0.86656	0.87474	963	0.87474
A0A239FIU6	A0A239FIU6_9PSED	525	595	104.411764705882	unreviewed	histidine kinase (EC 2.7.13.3)	SAMN05216189_100228	Pseudomonas delhiensis	983	NA	NA	NA	IPR036890;IPR005467;IPR003661;IPR036097;IPR038377;IPR001734;IPR000014;IPR035965;IPR013767;IPR004358;	SUBCELLULAR LOCATION: Membrane {ECO:0000256|ARBA:ARBA00004141}; Multi-pass membrane protein {ECO:0000256|ARBA:ARBA00004141}.	NA	366289	NA	membrane [GO:0016020]	regulation of DNA-templated transcription [GO:0006355]	ATP binding [GO:0005524]; phosphorelay sensor kinase activity [GO:0000155]; transmembrane transporter activity [GO:0022857]	NA	51.4	53.079	50.942	4.12	0.85991	0.86884	959	0.86884
A0A1H1W5S7	A0A1H1W5S7_9GAMM	521	590	102.941176470588	unreviewed	histidine kinase (EC 2.7.13.3)	SAMN05216421_2488	Halopseudomonas xinjiangensis	980	NA	NA	NA	IPR036890;IPR005467;IPR003661;IPR036097;IPR038377;IPR001734;IPR000014;IPR035965;IPR013767;IPR004358;	SUBCELLULAR LOCATION: Membrane {ECO:0000256|ARBA:ARBA00004141}; Multi-pass membrane protein {ECO:0000256|ARBA:ARBA00004141}.	NA	487184	NA	membrane [GO:0016020]	regulation of DNA-templated transcription [GO:0006355]	ATP binding [GO:0005524]; phosphorelay sensor kinase activity [GO:0000155]; transmembrane transporter activity [GO:0022857]	NA	50	53.079	51.142	3.21	0.90162	0.91382	968	0.91382
A0A7W2YJG3	A0A7W2YJG3_9GAMM	536	603	100	unreviewed	histidine kinase (EC 2.7.13.3)	H2508_08205	Sediminihaliea albiluteola	993	NA	NA	NA	IPR036890;IPR005467;IPR003661;IPR036097;IPR038377;IPR001734;IPR000014;IPR035965;IPR013767;IPR004358;	SUBCELLULAR LOCATION: Membrane {ECO:0000256|ARBA:ARBA00004141}; Multi-pass membrane protein {ECO:0000256|ARBA:ARBA00004141}.	NA	2758564	NA	membrane [GO:0016020]	regulation of DNA-templated transcription [GO:0006355]	ATP binding [GO:0005524]; phosphorelay sensor kinase activity [GO:0000155]; transmembrane transporter activity [GO:0022857]	CAUTION: The sequence shown here is derived from an EMBL/GenBank/DDBJ whole genome shotgun (WGS) entry which is preliminary data. {ECO:0000313|EMBL:MBA6413090.1}.	52.8	53.079	52.111	3.29	0.76007	0.76081	807	0.76081
A0A5R9A9C9	A0A5R9A9C9_PSENT	482	552	104.411764705882	unreviewed	histidine kinase (EC 2.7.13.3)	FEA48_13640	Pseudomonas nitroreducens	940	NA	NA	NA	IPR036890;IPR005467;IPR003661;IPR036097;IPR038377;IPR001734;IPR000014;IPR035965;IPR013767;IPR004358;	SUBCELLULAR LOCATION: Membrane {ECO:0000256|ARBA:ARBA00004141}; Multi-pass membrane protein {ECO:0000256|ARBA:ARBA00004141}.	NA	46680	NA	membrane [GO:0016020]	regulation of DNA-templated transcription [GO:0006355]	ATP binding [GO:0005524]; phosphorelay sensor kinase activity [GO:0000155]; transmembrane transporter activity [GO:0022857]	CAUTION: The sequence shown here is derived from an EMBL/GenBank/DDBJ whole genome shotgun (WGS) entry which is preliminary data. {ECO:0000313|EMBL:TLP75233.1}.	51.4	53.079	51.488	3.25	0.86632	0.91313	935	0.91313
A0A172WRW4	A0A172WRW4_STUST	525	595	104.411764705882	unreviewed	histidine kinase (EC 2.7.13.3)	PS273GM_13535	Stutzerimonas stutzeri (Pseudomonas stutzeri)	984	NA	NA	NA	IPR036890;IPR005467;IPR003661;IPR036097;IPR038377;IPR001734;IPR000014;IPR035965;IPR013767;IPR004358;	SUBCELLULAR LOCATION: Membrane {ECO:0000256|ARBA:ARBA00004141}; Multi-pass membrane protein {ECO:0000256|ARBA:ARBA00004141}.	NA	316	NA	membrane [GO:0016020]	regulation of DNA-templated transcription [GO:0006355]	ATP binding [GO:0005524]; phosphorelay sensor kinase activity [GO:0000155]; transmembrane transporter activity [GO:0022857]	NA	51.4	53.079	50.952	4.17	0.86664	0.87483	968	0.87483
A0A2S4AHF3	A0A2S4AHF3_STUST	525	594	102.941176470588	unreviewed	histidine kinase (EC 2.7.13.3)	CXK91_21440	Stutzerimonas stutzeri (Pseudomonas stutzeri)	984	NA	NA	NA	IPR036890;IPR005467;IPR003661;IPR036097;IPR038377;IPR001734;IPR000014;IPR035965;IPR004358;	SUBCELLULAR LOCATION: Membrane {ECO:0000256|ARBA:ARBA00004141}; Multi-pass membrane protein {ECO:0000256|ARBA:ARBA00004141}.	NA	316	NA	membrane [GO:0016020]	NA	phosphorelay sensor kinase activity [GO:0000155]; transmembrane transporter activity [GO:0022857]	CAUTION: The sequence shown here is derived from an EMBL/GenBank/DDBJ whole genome shotgun (WGS) entry which is preliminary data. {ECO:0000313|EMBL:POH80885.1}.	50	53.079	51.95	3.48	0.89969	0.90835	972	0.90835
A0A7W7KRT4	A0A7W7KRT4_9PSED	525	595	104.411764705882	unreviewed	histidine kinase (EC 2.7.13.3)	HNP46_006454	Pseudomonas nitritireducens	983	NA	NA	NA	IPR036890;IPR005467;IPR003661;IPR036097;IPR038377;IPR001734;IPR000014;IPR035965;IPR013767;IPR004358;	SUBCELLULAR LOCATION: Membrane {ECO:0000256|ARBA:ARBA00004141}; Multi-pass membrane protein {ECO:0000256|ARBA:ARBA00004141}.	NA	915472	NA	membrane [GO:0016020]	regulation of DNA-templated transcription [GO:0006355]	ATP binding [GO:0005524]; phosphorelay sensor kinase activity [GO:0000155]; transmembrane transporter activity [GO:0022857]	CAUTION: The sequence shown here is derived from an EMBL/GenBank/DDBJ whole genome shotgun (WGS) entry which is preliminary data. {ECO:0000313|EMBL:MBB4867541.1}.	51.4	53.079	51.417	3.72	0.88863	0.89799	970	0.89799
A0A2M8UWB6	A0A2M8UWB6_PSESP	525	595	104.411764705882	unreviewed	histidine kinase (EC 2.7.13.3)	CTR55_14145	Pseudomonas sp	983	NA	NA	NA	IPR036890;IPR005467;IPR003661;IPR036097;IPR038377;IPR001734;IPR000014;IPR035965;IPR013767;IPR004358;	SUBCELLULAR LOCATION: Membrane {ECO:0000256|ARBA:ARBA00004141}; Multi-pass membrane protein {ECO:0000256|ARBA:ARBA00004141}.	NA	306	NA	membrane [GO:0016020]	regulation of DNA-templated transcription [GO:0006355]	ATP binding [GO:0005524]; phosphorelay sensor kinase activity [GO:0000155]; transmembrane transporter activity [GO:0022857]	CAUTION: The sequence shown here is derived from an EMBL/GenBank/DDBJ whole genome shotgun (WGS) entry which is preliminary data. {ECO:0000313|EMBL:PJI48786.1}.	52.8	53.079	51.336	4.05	0.86703	0.87605	964	0.87605
A0A246FFF5	A0A246FFF5_PSENT	525	595	104.411764705882	unreviewed	histidine kinase (EC 2.7.13.3)	CEG18_04140	Pseudomonas nitroreducens	983	NA	NA	NA	IPR036890;IPR005467;IPR003661;IPR036097;IPR038377;IPR001734;IPR000014;IPR035965;IPR013767;IPR004358;	SUBCELLULAR LOCATION: Membrane {ECO:0000256|ARBA:ARBA00004141}; Multi-pass membrane protein {ECO:0000256|ARBA:ARBA00004141}.	NA	46680	NA	membrane [GO:0016020]	regulation of DNA-templated transcription [GO:0006355]	ATP binding [GO:0005524]; phosphorelay sensor kinase activity [GO:0000155]; transmembrane transporter activity [GO:0022857]	CAUTION: The sequence shown here is derived from an EMBL/GenBank/DDBJ whole genome shotgun (WGS) entry which is preliminary data. {ECO:0000313|EMBL:OWP53037.1}.	51.4	53.079	50.89	4.16	0.85408	0.86303	946	0.86303
A0A285P0U0	A0A285P0U0_9PSED	523	593	104.411764705882	unreviewed	histidine kinase (EC 2.7.13.3)	SAMN05660463_02535	Pseudomonas sp. URIL14HWK12:I9	989	NA	NA	NA	IPR036890;IPR005467;IPR003661;IPR036097;IPR038377;IPR001734;IPR000014;IPR035965;IPR013767;IPR004358;	SUBCELLULAR LOCATION: Membrane {ECO:0000256|ARBA:ARBA00004141}; Multi-pass membrane protein {ECO:0000256|ARBA:ARBA00004141}.	NA	1261633	NA	membrane [GO:0016020]	regulation of DNA-templated transcription [GO:0006355]	ATP binding [GO:0005524]; phosphorelay sensor kinase activity [GO:0000155]; transmembrane transporter activity [GO:0022857]	NA	52.8	53.079	51.728	3.4	0.90067	0.90497	975	0.90497
A0A5J6QT34	A0A5J6QT34_9PSED	523	593	104.411764705882	unreviewed	histidine kinase (EC 2.7.13.3)	FXN65_23610	Metapseudomonas lalkuanensis	982	NA	NA	NA	IPR036890;IPR005467;IPR003661;IPR036097;IPR038377;IPR001734;IPR000014;IPR035965;IPR013767;IPR004358;	SUBCELLULAR LOCATION: Membrane {ECO:0000256|ARBA:ARBA00004141}; Multi-pass membrane protein {ECO:0000256|ARBA:ARBA00004141}.	NA	2604832	NA	membrane [GO:0016020]	regulation of DNA-templated transcription [GO:0006355]	ATP binding [GO:0005524]; phosphorelay sensor kinase activity [GO:0000155]; transmembrane transporter activity [GO:0022857]	NA	51.4	53.079	51.619	3.93	0.87544	0.8854	969	0.8854
A0A6G6J3S6	A0A6G6J3S6_PSENT	525	595	104.411764705882	unreviewed	histidine kinase (EC 2.7.13.3)	G5B91_28005	Pseudomonas nitroreducens	983	NA	NA	NA	IPR036890;IPR005467;IPR003661;IPR036097;IPR038377;IPR001734;IPR000014;IPR035965;IPR013767;IPR004358;	SUBCELLULAR LOCATION: Membrane {ECO:0000256|ARBA:ARBA00004141}; Multi-pass membrane protein {ECO:0000256|ARBA:ARBA00004141}.	NA	46680	NA	membrane [GO:0016020]	regulation of DNA-templated transcription [GO:0006355]	ATP binding [GO:0005524]; phosphorelay sensor kinase activity [GO:0000155]; transmembrane transporter activity [GO:0022857]	NA	51.4	53.079	51.168	4.11	0.86629	0.87533	962	0.87533
A0A1B8TD56	A0A1B8TD56_9PSED	525	595	104.411764705882	unreviewed	histidine kinase (EC 2.7.13.3)	A9513_005325	Pseudomonas sp. AU12215	983	NA	NA	NA	IPR036890;IPR005467;IPR003661;IPR036097;IPR038377;IPR001734;IPR000014;IPR035965;IPR013767;IPR004358;	SUBCELLULAR LOCATION: Membrane {ECO:0000256|ARBA:ARBA00004141}; Multi-pass membrane protein {ECO:0000256|ARBA:ARBA00004141}.	NA	1860123	NA	membrane [GO:0016020]	regulation of DNA-templated transcription [GO:0006355]	ATP binding [GO:0005524]; phosphorelay sensor kinase activity [GO:0000155]; transmembrane transporter activity [GO:0022857]	CAUTION: The sequence shown here is derived from an EMBL/GenBank/DDBJ whole genome shotgun (WGS) entry which is preliminary data. {ECO:0000313|EMBL:OBY57650.1}.	51.4	53.079	51.15	4.04	0.84895	0.85778	944	0.85778
A0A1B8VFZ4	A0A1B8VFZ4_9PSED	525	595	104.411764705882	unreviewed	histidine kinase (EC 2.7.13.3)	A6723_009685	Pseudomonas sp. AU11447	983	NA	NA	NA	IPR036890;IPR005467;IPR003661;IPR036097;IPR038377;IPR001734;IPR000014;IPR035965;IPR013767;IPR004358;	SUBCELLULAR LOCATION: Membrane {ECO:0000256|ARBA:ARBA00004141}; Multi-pass membrane protein {ECO:0000256|ARBA:ARBA00004141}.	NA	1843184	NA	membrane [GO:0016020]	regulation of DNA-templated transcription [GO:0006355]	ATP binding [GO:0005524]; phosphorelay sensor kinase activity [GO:0000155]; transmembrane transporter activity [GO:0022857]	CAUTION: The sequence shown here is derived from an EMBL/GenBank/DDBJ whole genome shotgun (WGS) entry which is preliminary data. {ECO:0000313|EMBL:OBY93410.1}.	51.4	53.079	51.918	3.8	0.88371	0.893	968	0.893
A0A367M652	A0A367M652_PSEAI	150	220	104.411764705882	unreviewed	histidine kinase (EC 2.7.13.3)	DT376_22535	Pseudomonas aeruginosa	608	NA	NA	NA	IPR036890;IPR005467;IPR003661;IPR036097;IPR038377;IPR000014;IPR035965;IPR013767;IPR004358;	NA	NA	287	NA	membrane [GO:0016020]	regulation of DNA-templated transcription [GO:0006355]	ATP binding [GO:0005524]; phosphorelay sensor kinase activity [GO:0000155]	CAUTION: The sequence shown here is derived from an EMBL/GenBank/DDBJ whole genome shotgun (WGS) entry which is preliminary data. {ECO:0000313|EMBL:RCI72661.1}.	52.8	53.079	47.81	5.9	0.42299	0.63925	530	0.63925
A0A1E4UXG7	A0A1E4UXG7_9PSED	525	595	104.411764705882	unreviewed	histidine kinase (EC 2.7.13.3)	A7D25_14070	Pseudomonas sp. 21C1	984	NA	NA	NA	IPR036890;IPR005467;IPR003661;IPR036097;IPR038377;IPR001734;IPR000014;IPR035965;IPR004358;	SUBCELLULAR LOCATION: Membrane {ECO:0000256|ARBA:ARBA00004141}; Multi-pass membrane protein {ECO:0000256|ARBA:ARBA00004141}.	NA	1843690	NA	membrane [GO:0016020]	NA	phosphorelay sensor kinase activity [GO:0000155]; transmembrane transporter activity [GO:0022857]	CAUTION: The sequence shown here is derived from an EMBL/GenBank/DDBJ whole genome shotgun (WGS) entry which is preliminary data. {ECO:0000313|EMBL:OEC34329.1}.	52.8	53.079	51.143	4.09	0.86226	0.87041	959	0.87041
A0A365PS28	A0A365PS28_9GAMM	525	595	104.411764705882	unreviewed	histidine kinase (EC 2.7.13.3)	DQ403_15445	Stutzerimonas zhaodongensis	984	NA	NA	NA	IPR036890;IPR005467;IPR003661;IPR036097;IPR038377;IPR001734;IPR000014;IPR035965;IPR013767;IPR004358;	SUBCELLULAR LOCATION: Membrane {ECO:0000256|ARBA:ARBA00004141}; Multi-pass membrane protein {ECO:0000256|ARBA:ARBA00004141}.	NA	1176257	NA	membrane [GO:0016020]	regulation of DNA-templated transcription [GO:0006355]	ATP binding [GO:0005524]; phosphorelay sensor kinase activity [GO:0000155]; transmembrane transporter activity [GO:0022857]	CAUTION: The sequence shown here is derived from an EMBL/GenBank/DDBJ whole genome shotgun (WGS) entry which is preliminary data. {ECO:0000313|EMBL:RBA55692.1}.	51.4	53.079	51.52	3.83	0.88333	0.89171	974	0.89171
A0A2N1CYA4	A0A2N1CYA4_9PSED	525	595	104.411764705882	unreviewed	histidine kinase (EC 2.7.13.3)	CXF92_09210	Pseudomonas sp. Choline-3u-10	984	NA	NA	NA	IPR036890;IPR005467;IPR003661;IPR036097;IPR038377;IPR001734;IPR000014;IPR035965;IPR013767;IPR004358;	SUBCELLULAR LOCATION: Membrane {ECO:0000256|ARBA:ARBA00004141}; Multi-pass membrane protein {ECO:0000256|ARBA:ARBA00004141}.	NA	2058311	NA	membrane [GO:0016020]	regulation of DNA-templated transcription [GO:0006355]	ATP binding [GO:0005524]; phosphorelay sensor kinase activity [GO:0000155]; transmembrane transporter activity [GO:0022857]	CAUTION: The sequence shown here is derived from an EMBL/GenBank/DDBJ whole genome shotgun (WGS) entry which is preliminary data. {ECO:0000313|EMBL:PKG94299.1}.	51.4	53.079	51.114	4.22	0.85245	0.86055	948	0.86055
A0A3T0SDB1	A0A3T0SDB1_9GAMM	525	595	104.411764705882	unreviewed	histidine kinase (EC 2.7.13.3)	C1896_05100	Pseudomonadaceae bacterium SI-3	984	NA	NA	NA	IPR036890;IPR005467;IPR003661;IPR036097;IPR038377;IPR001734;IPR000014;IPR035965;IPR013767;IPR004358;	SUBCELLULAR LOCATION: Membrane {ECO:0000256|ARBA:ARBA00004141}; Multi-pass membrane protein {ECO:0000256|ARBA:ARBA00004141}.	NA	2079806	NA	membrane [GO:0016020]	regulation of DNA-templated transcription [GO:0006355]	ATP binding [GO:0005524]; phosphorelay sensor kinase activity [GO:0000155]; transmembrane transporter activity [GO:0022857]	NA	51.4	53.079	51.125	4	0.85557	0.86369	946	0.86369
A0A418XD97	A0A418XD97_9PSED	525	595	104.411764705882	unreviewed	histidine kinase (EC 2.7.13.3)	D3879_21070	Pseudomonas cavernicola	990	NA	NA	NA	IPR036890;IPR005467;IPR003661;IPR036097;IPR038377;IPR001734;IPR000014;IPR035965;IPR013767;IPR004358;	SUBCELLULAR LOCATION: Membrane {ECO:0000256|ARBA:ARBA00004141}; Multi-pass membrane protein {ECO:0000256|ARBA:ARBA00004141}.	NA	2320866	NA	membrane [GO:0016020]	regulation of DNA-templated transcription [GO:0006355]	ATP binding [GO:0005524]; phosphorelay sensor kinase activity [GO:0000155]; transmembrane transporter activity [GO:0022857]	CAUTION: The sequence shown here is derived from an EMBL/GenBank/DDBJ whole genome shotgun (WGS) entry which is preliminary data. {ECO:0000313|EMBL:RJG10492.1}.	52.8	53.079	51.643	3.88	0.879	0.88235	961	0.88235
A0A482UJH8	A0A482UJH8_9PSED	525	595	104.411764705882	unreviewed	histidine kinase (EC 2.7.13.3)	EJA06_000200	Pseudomonas songnenensis	984	NA	NA	NA	IPR036890;IPR005467;IPR003661;IPR036097;IPR038377;IPR001734;IPR000014;IPR035965;IPR004358;	SUBCELLULAR LOCATION: Membrane {ECO:0000256|ARBA:ARBA00004141}; Multi-pass membrane protein {ECO:0000256|ARBA:ARBA00004141}.	NA	1176259	NA	membrane [GO:0016020]	NA	phosphorelay sensor kinase activity [GO:0000155]; transmembrane transporter activity [GO:0022857]	CAUTION: The sequence shown here is derived from an EMBL/GenBank/DDBJ whole genome shotgun (WGS) entry which is preliminary data. {ECO:0000313|EMBL:RYJ63700.1}.	52.8	53.079	51.469	3.9	0.87204	0.88035	959	0.88035
A0A023WWI9	A0A023WWI9_STUST	525	595	104.411764705882	unreviewed	histidine kinase (EC 2.7.13.3)	UIB01_16980	Stutzerimonas stutzeri (Pseudomonas stutzeri)	984	NA	NA	NA	IPR036890;IPR005467;IPR003661;IPR036097;IPR038377;IPR001734;IPR000014;IPR035965;IPR004358;	SUBCELLULAR LOCATION: Membrane {ECO:0000256|ARBA:ARBA00004141}; Multi-pass membrane protein {ECO:0000256|ARBA:ARBA00004141}.	NA	316	NA	membrane [GO:0016020]	NA	phosphorelay sensor kinase activity [GO:0000155]; transmembrane transporter activity [GO:0022857]	NA	52.8	53.079	51.154	4.02	0.87071	0.87898	963	0.87898
A0A1I7E3H4	A0A1I7E3H4_9PSED	525	595	104.411764705882	unreviewed	histidine kinase (EC 2.7.13.3)	PMYSY11_0731	Pseudomonas marincola	984	NA	NA	NA	IPR036890;IPR005467;IPR003661;IPR036097;IPR038377;IPR001734;IPR000014;IPR035965;IPR013767;IPR004358;	SUBCELLULAR LOCATION: Membrane {ECO:0000256|ARBA:ARBA00004141}; Multi-pass membrane protein {ECO:0000256|ARBA:ARBA00004141}.	NA	437900	NA	membrane [GO:0016020]	regulation of DNA-templated transcription [GO:0006355]	ATP binding [GO:0005524]; phosphorelay sensor kinase activity [GO:0000155]; transmembrane transporter activity [GO:0022857]	NA	51.4	53.079	50.427	3.63	0.7675	0.77501	819	0.77501
A0A3D0JVN6	A0A3D0JVN6_PSESP	397	467	104.411764705882	unreviewed	histidine kinase (EC 2.7.13.3)	DEO91_16950	Pseudomonas sp	856	NA	NA	NA	IPR036890;IPR005467;IPR003661;IPR036097;IPR038377;IPR000014;IPR035965;IPR013767;IPR004358;	NA	NA	306	30148503	membrane [GO:0016020]	regulation of DNA-templated transcription [GO:0006355]	ATP binding [GO:0005524]; phosphorelay sensor kinase activity [GO:0000155]	CAUTION: The sequence shown here is derived from an EMBL/GenBank/DDBJ whole genome shotgun (WGS) entry which is preliminary data. {ECO:0000313|EMBL:HBZ95315.1}.	52.8	53.079	52.387	3.04	0.78992	0.91018	843	0.91018
A0A4Q9QM83	A0A4Q9QM83_9PSED	523	593	104.411764705882	unreviewed	histidine kinase (EC 2.7.13.3)	DNK06_09225	Phytopseudomonas daroniae	982	NA	NA	NA	IPR036890;IPR005467;IPR003661;IPR036097;IPR038377;IPR001734;IPR000014;IPR035965;IPR013767;IPR004358;	SUBCELLULAR LOCATION: Membrane {ECO:0000256|ARBA:ARBA00004141}; Multi-pass membrane protein {ECO:0000256|ARBA:ARBA00004141}.	NA	2487519	NA	membrane [GO:0016020]	regulation of DNA-templated transcription [GO:0006355]	ATP binding [GO:0005524]; phosphorelay sensor kinase activity [GO:0000155]; transmembrane transporter activity [GO:0022857]	CAUTION: The sequence shown here is derived from an EMBL/GenBank/DDBJ whole genome shotgun (WGS) entry which is preliminary data. {ECO:0000313|EMBL:TBU80667.1}.	55.6	53.079	51.159	4.34	0.84322	0.85273	950	0.85273
A0A1B3ED11	A0A1B3ED11_9PSED	525	595	104.411764705882	unreviewed	histidine kinase (EC 2.7.13.3)	THL1_4898	Pseudomonas sp. TCU-HL1	984	NA	NA	NA	IPR036890;IPR005467;IPR003661;IPR036097;IPR038377;IPR001734;IPR000014;IPR035965;IPR013767;IPR004358;	SUBCELLULAR LOCATION: Membrane {ECO:0000256|ARBA:ARBA00004141}; Multi-pass membrane protein {ECO:0000256|ARBA:ARBA00004141}.	NA	1856685	27542933	membrane [GO:0016020]	regulation of DNA-templated transcription [GO:0006355]	ATP binding [GO:0005524]; phosphorelay sensor kinase activity [GO:0000155]; transmembrane transporter activity [GO:0022857]	NA	51.4	53.079	51.901	3.65	0.88772	0.89618	970	0.89618
A0A7W0AEI3	A0A7W0AEI3_9GAMM	524	591	100	unreviewed	histidine kinase (EC 2.7.13.3)	H1D44_15880	Billgrantia kenyensis	985	NA	NA	NA	IPR036890;IPR005467;IPR003661;IPR036097;IPR038377;IPR001734;IPR035965;IPR004358;	SUBCELLULAR LOCATION: Membrane {ECO:0000256|ARBA:ARBA00004141}; Multi-pass membrane protein {ECO:0000256|ARBA:ARBA00004141}.	NA	321266	NA	membrane [GO:0016020]	NA	phosphorelay sensor kinase activity [GO:0000155]; transmembrane transporter activity [GO:0022857]	CAUTION: The sequence shown here is derived from an EMBL/GenBank/DDBJ whole genome shotgun (WGS) entry which is preliminary data. {ECO:0000313|EMBL:MBA2780366.1}.	52.8	53.079	51.64	3.48	0.90105	0.9088	977	0.9088
K4KI29	K4KI29_SIMAS	534	598	95.5882352941177	unreviewed	histidine kinase (EC 2.7.13.3)	M5M_07280	Simiduia agarivorans (strain DSM 21679 / JCM 13881 / BCRC 17597 / SA1)	989	NA	NA	NA	IPR036890;IPR005467;IPR003661;IPR036097;IPR038377;IPR001734;IPR000014;IPR035965;IPR013767;IPR004358;	SUBCELLULAR LOCATION: Membrane {ECO:0000256|ARBA:ARBA00004141}; Multi-pass membrane protein {ECO:0000256|ARBA:ARBA00004141}.	NA	1117647	23405302	membrane [GO:0016020]	regulation of DNA-templated transcription [GO:0006355]	ATP binding [GO:0005524]; phosphorelay sensor kinase activity [GO:0000155]; transmembrane transporter activity [GO:0022857]	NA	55.6	53.079	52.846	1.72	0.9668	0.9716	985	0.9716
A0A0D0J5Q5	A0A0D0J5Q5_9PSED	525	595	104.411764705882	unreviewed	histidine kinase (EC 2.7.13.3)	RU08_23300	Pseudomonas fulva	984	NA	NA	NA	IPR036890;IPR005467;IPR003661;IPR036097;IPR038377;IPR001734;IPR000014;IPR035965;IPR013767;IPR004358;	SUBCELLULAR LOCATION: Membrane {ECO:0000256|ARBA:ARBA00004141}; Multi-pass membrane protein {ECO:0000256|ARBA:ARBA00004141}.	NA	47880	NA	membrane [GO:0016020]	regulation of DNA-templated transcription [GO:0006355]	ATP binding [GO:0005524]; phosphorelay sensor kinase activity [GO:0000155]; transmembrane transporter activity [GO:0022857]	CAUTION: The sequence shown here is derived from an EMBL/GenBank/DDBJ whole genome shotgun (WGS) entry which is preliminary data. {ECO:0000313|EMBL:KIP90478.1}.	55.6	53.079	51.017	4.12	0.85669	0.86477	955	0.86477
A0A7Z0BR26	A0A7Z0BR26_9PSED	525	595	104.411764705882	unreviewed	histidine kinase (EC 2.7.13.3)	FHR27_003074	Phytopseudomonas flavescens	984	NA	NA	NA	IPR036890;IPR005467;IPR003661;IPR036097;IPR038377;IPR001734;IPR000014;IPR035965;IPR013767;IPR004358;	SUBCELLULAR LOCATION: Membrane {ECO:0000256|ARBA:ARBA00004141}; Multi-pass membrane protein {ECO:0000256|ARBA:ARBA00004141}.	NA	29435	NA	membrane [GO:0016020]	regulation of DNA-templated transcription [GO:0006355]	ATP binding [GO:0005524]; phosphorelay sensor kinase activity [GO:0000155]; transmembrane transporter activity [GO:0022857]	CAUTION: The sequence shown here is derived from an EMBL/GenBank/DDBJ whole genome shotgun (WGS) entry which is preliminary data. {ECO:0000313|EMBL:NYH74464.1}.	55.6	53.079	51.031	4	0.86822	0.87647	959	0.87647
A0A1G9AYN5	A0A1G9AYN5_9PSED	525	595	104.411764705882	unreviewed	histidine kinase (EC 2.7.13.3)	SAMN05216186_10683	Pseudomonas indica	984	NA	NA	NA	IPR036890;IPR005467;IPR003661;IPR036097;IPR038377;IPR001734;IPR000014;IPR035965;IPR013767;IPR004358;	SUBCELLULAR LOCATION: Membrane {ECO:0000256|ARBA:ARBA00004141}; Multi-pass membrane protein {ECO:0000256|ARBA:ARBA00004141}.	NA	137658	NA	membrane [GO:0016020]	regulation of DNA-templated transcription [GO:0006355]	ATP binding [GO:0005524]; phosphorelay sensor kinase activity [GO:0000155]; transmembrane transporter activity [GO:0022857]	NA	51.4	53.079	51.095	4.51	0.82659	0.83429	941	0.83429
A0A545STJ7	A0A545STJ7_9GAMM	529	599	104.411764705882	unreviewed	histidine kinase (EC 2.7.13.3)	FKG94_23690	Exilibacterium tricleocarpae	985	NA	NA	NA	IPR036890;IPR005467;IPR003661;IPR036097;IPR038377;IPR001734;IPR000014;IPR035965;IPR013767;IPR004358;	SUBCELLULAR LOCATION: Membrane {ECO:0000256|ARBA:ARBA00004141}; Multi-pass membrane protein {ECO:0000256|ARBA:ARBA00004141}.	NA	2591008	NA	membrane [GO:0016020]	regulation of DNA-templated transcription [GO:0006355]	ATP binding [GO:0005524]; phosphorelay sensor kinase activity [GO:0000155]; transmembrane transporter activity [GO:0022857]	CAUTION: The sequence shown here is derived from an EMBL/GenBank/DDBJ whole genome shotgun (WGS) entry which is preliminary data. {ECO:0000313|EMBL:TQV68294.1}.	56.9	53.079	53.395	2.87	0.92797	0.93607	983	0.93607
A0A1G8HRC3	A0A1G8HRC3_9PSED	525	595	104.411764705882	unreviewed	histidine kinase (EC 2.7.13.3)	SAMN05216272_105398	Pseudomonas panipatensis	982	NA	NA	NA	IPR036890;IPR005467;IPR003661;IPR036097;IPR038377;IPR001734;IPR000014;IPR035965;IPR013767;IPR004358;	SUBCELLULAR LOCATION: Membrane {ECO:0000256|ARBA:ARBA00004141}; Multi-pass membrane protein {ECO:0000256|ARBA:ARBA00004141}.	NA	428992	NA	membrane [GO:0016020]	regulation of DNA-templated transcription [GO:0006355]	ATP binding [GO:0005524]; phosphorelay sensor kinase activity [GO:0000155]; transmembrane transporter activity [GO:0022857]	NA	51.4	53.079	51.122	3.85	0.87522	0.88524	962	0.88524
A0A643J4R4	A0A643J4R4_PSEAI	525	595	104.411764705882	unreviewed	histidine kinase (EC 2.7.13.3)	F7O97_12515	Pseudomonas aeruginosa	983				IPR036890;IPR005467;IPR003661;IPR036097;IPR038377;IPR001734;IPR000014;IPR035965;IPR013767;IPR004358;	SUBCELLULAR LOCATION: Membrane {ECO:0000256|ARBA:ARBA00004141}; Multi-pass membrane protein {ECO:0000256|ARBA:ARBA00004141}.		287		membrane [GO:0016020]	regulation of DNA-templated transcription [GO:0006355]	ATP binding [GO:0005524]; phosphorelay sensor kinase activity [GO:0000155]; transmembrane transporter activity [GO:0022857]	CAUTION: The sequence shown here is derived from an EMBL/GenBank/DDBJ whole genome shotgun (WGS) entry which is preliminary data. {ECO:0000313|EMBL:KAB0764778.1}.	52.8	53.079	51.201	3.95	0.86934	0.87839	963	0.87839
